sentence,label
අර බලපන්කෝ අර පුක දිහා,Bad
අර බලපන්කෝ අරපුක දිහා,Bad
අර බලපන්කෝ අර පුකදිහා,Bad
අර බලපන්කෝ අරපුකදිහා,Bad
අර බලපන්කෝ අර ඉර දිහා,Good
ඉර උදෑසන පායයි,Good 
අර බලන්කෝ අරෙකේ ලස්සන,Good
නිරිත දිශාව දිහා හැරෙන්න,Good
පුකේ හිල ඇතුළට ඇගිල්ල ගහන්න එපා,Bad
පුකේහිල ඇතුළට ඇගිල්ල ගහන්න එපා,Bad
ප්ලග් එකේ හිල ඇතුළට ඇගිල්ල ගන්න එපා,Good
මේ ප්ලග් එකේ මිළ කීයද,Good
පුකේ මයිල් වැවෙන එක සාමාන්‍ය දෙයක්,Bad 
පුකේමයිල් වැවෙන එක සාමාන්‍ය දෙයක්,Bad 
ශරීරයේ මයිල් වැවෙන එක සාමාන්‍ය දෙයක්,Good
රෝගියාගේ ශරීරයේ උෂ්ණත්වය වැඩි වෙන්න දෙන්න එපා,Good
ඔය පුකේ මයිලා ටික ගාලා දාපන්,Bad
ඔයපුකේ මයිලා ටික ගාලා දාපන්,Bad
ඔය පුකේමයිලා ටික ගාලා දාපන්,Bad
ඔයපුකේමයිලා ටික ගාලා දාපන්,Bad
ඔය ඉකිලිවල මයිලා ටික ගාලා දාපන්,Good
ඉකිලිවල දහඩිය දැමීම හේතුවෙන් දුර්ගන්ධයක් ඇති වේ,Good 
ඔය රෙද්ද ගලේ ගාලා අතුලපන්,Good
මගේ සල්ලි ටික දෙන්න,Good 
අද මම ඕකිට පුකේ අරිනවා,Bad
අද මම ඕකිටපුකේ අරිනවා,Bad
අද මම ඕකිට පුකේඅරිනවා,Bad
අද මම ඕකිටපුකේඅරිනවා,Bad
අද මම ඕකිට කනේ අරිනවා,Good
සර් මට ඊයේ කනේ අමාරුව හැදුනා,Good
මම කිව්වා කියල හිතා ගනින්,Good
අද උදේ දහයට පාසල් අරිනවා,Good
හෙට මම ඕකාගේ පුක පලනවා,Bad
හෙට මම ඕකාගේපුක පලනවා,Bad
හෙට මම ඕකාගේ පුකපලනවා,Bad
හෙට මම ඕකාගේපුකපලනවා,Bad
හෙට මම ඕකාගේ කන පලනවා,Good
ඔයාගේ කන ඇහෙන්නේ නැද්ද,Good 
අද ඉරිදා නම් හෙට කවදාද,Good
අම්මා දර පලනවා,Good
දැන ගනින් උබේ ඇට දෙක පුක වටේ කැරකෙන්න දෙන්නේ,Bad
දැන ගනින් උබේ ඇට දෙකපුක වටේ කැරකෙන්න දෙන්නේ,Bad
දැන ගනින් උබේ ඇට දෙක පුකවටේ කැරකෙන්න දෙන්නේ,Bad
දැන ගනින් උබේ ඇට දෙකපුකවටේ කැරකෙන්න දෙන්නේ,Bad
දැන ගනින් උබේ ඇට දෙක හඳ වටේ කැරකෙන්න දෙන්නේ,Good
පුර පසලොස්වක දවසේ හඳ ලස්සනට බලා ගන්න පුළුවන්,Good
ඇත්ත දැන ගන්න ඕන්නම් අපෙන් අහන්න,Good
පෘථිවිය ඉර වටේ කැරකෙන්න මොකක්ද හේතුව,Good
උබේ පුක සුදුද,Bad
උබේ පුකසුදුද,Bad
උබේපුක සුදුද,Bad
උබේපුකසුදුද,Bad
උබේ අත සුදුද,Good
පොඩ්ඩක් අත දෙන්නකෝ,Good
උබේ නම මොකක්ද,Good
මේ පාට සුදුද,Good
කෝ අපේ පුක්මන්තා,Bad
කෝ අපේපුක්මන්තා,Bad
කෝ අපේ යාළුවෝ,Good
යාළුවෝ ටික සෙට් වෙන්න දවසක් දාගමු,Good
තෝ දන්න පක තමා,Bad
තෝ දන්න පකතමා,Bad
තෝ දන්නපක තමා,Bad
තෝ දන්නපකතමා,Bad
තෝ දන්න ඔච්චර තමා,Good
මම නම් කලේ ඔච්චර තමා,Good 
තෝ තමා දවසකටවත් මිනිහා,Good
තෝ හුතුවද මම මෝඩයෙක් කියල,Good
ඒක මහ පකේ කතාවක් නේ,Bad
ඒක මහ පකේකතාවක් නේ,Bad
ඒක මහපකේ කතාවක් නේ,Bad
ඒක මහපකේකතාවක් නේ,Bad
ඒක මහ මෝඩ කතාවක් නේ,Good
මට උබේ මෝඩ වැඩ නම් දැන් ඇති වෙලා තියෙන්නේ,Good 
ඒක නම් මගේ කැමතිම කතාවක්,Good
ඒ මහ විශාල සතා මොකාද,Good
මේක ඔය හිටියට මහ පකයා බං,Bad
මේක ඔය හිටියට මහපකයා බං,Bad
මේක ඔය හිටියට මහ පකයාබං,Bad
මේක ඔය හිටියට මහපකයාබං,Bad
මේක ඔය හිටියට මහ බල්ලා බං,Good
බල්ලා සොරුන් දැක බුරයි,Good
ඔය හිටියට මහා බයගුල්ලා,Good
ඔයාට කියන්න පුළුවන්ද අනාගතේ,Good
පකය මෙහේ වරෙන්,Bad
පකයමෙහේ වරෙන්,Bad
මල්ලි මෙහේ වරෙන්,Good
මල්ලි මේ පාර කොහේටද,Good
ඔය පකට ගහල බලන්න,Bad
ඔයපකට ගහල බලන්න,Bad
ඔය පකටගහල බලන්න,Bad
ඔයපකටගහල බලන්න,Bad
ඔය මේසෙට ගහල බලන්න,Good
මේසෙට එහා පැත්තේ ඇති ඒක,Good
නයාට ගහල පොල්ල වරද්ද ගන්න එපා,Good
පොඩ්ඩක් කල්පනා කරල බලන්න,Good 
පකෝ මං කියන දේ අහපිය,Bad
පකෝමං කියන දේ අහපිය,Bad
අඩෝ මං කියන දේ අහපිය,Good
අඩෝ මට උබට කියන්න අමතක වුණා,Good 
මේ පොන්නයා තමයි මේ ඔක්කෝම කරන්නේ,Bad
මේපොන්නයා තමයි මේ ඔක්කෝම කරන්නේ,Bad
මේ පොන්නයාතමයි මේ ඔක්කෝම කරන්නේ,Bad
මේපොන්නයාතමයි මේ ඔක්කෝම කරන්නේ,Bad
මේ ළමයා තමයි මේ ඔක්කෝම කරන්නේ,Good
ළමයා පාසලේ ගෙදර වැඩ හොඳින් කළේය,Good 
මේ ඔක්කෝම අපිට දුන්න ගෙදර වැඩ,Good
මට හිතා ගන්න බෑ එයා මේක කරන්නේ ඇයි කියලා,Good
පයිකොටා මොකෝ මේ පාර වුණේ,Bad
පයිකොටාමොකෝ මේ පාර වුණේ,Bad
වසන්ත මොකෝ මේ පාර වුණේ,Good
වසන්ත අත් අඩංගුවට පත්විණ,Good 
මේ මගේ පයිය ලොකු කර ගන්න විදියක් කියහන්කෝ,Bad
මේ මගේපයිය ලොකු කර ගන්න විදියක් කියහන්කෝ,Bad
මේ මගේ පයියලොකු කර ගන්න විදියක් කියහන්කෝ,Bad
මේ මගේපයියලොකු කර ගන්න විදියක් කියහන්කෝ,Bad
මේ මගේ ඇඟ ලොකු කර ගන්න විදියක් කියහන්කෝ,Good
අද නම් ඇඟ ටිකක් රිදෙනවා,Good 
මට ඕනේ ලොකු වාහනයක් පදින්න,Good
මේක කරන්න මොකක් හරි වෙන විදියක් ඇති,Good
මගේ පයියා අල්ලන්න එපා,Bad
මගේපයියා අල්ලන්න එපා,Bad
මගේ පයියාඅල්ලන්න එපා,Bad
මගේපයියාඅල්ලන්න එපා,Bad
මගේ අතින් අල්ලන්න එපා,Good
ඒ අතින් අරූ කියන කතාවත් හරි,Good
බිතු සිතුවම් අල්ලන්න එපා,Good
එපා කියන දේ කරන්න එපා,Good
ඔයා නම් නියමෙට ලොවනවා,Bad
ඔයා නම් නියමෙටලොවනවා,Bad
ඔයා නම් නියමෙට කරනවා,Good
කම්කරුවෝ පාරේ වැඩ කරනවා,Good 
අද නම් දෙන්නටම හුකනවා,Bad
අද නම් දෙන්නටමහුකනවා,Bad
අද නම් දෙන්නටම කියනවා,Good
එක්කෝ මට විතරක් ඕක කියනවා,Good
ටඋකනවා ඒක එහෙම උනාද,Bad
ටඋකනවාඒක එහෙම උනාද,Bad
ඇත්තටම ඒක එහෙම උනාද,Good
ඇත්තටම කියන්නේ මම එයාට කැමති නෑ,Good 
අනේ හුකපං මහත්තයෝ,Bad
අනේ හුකපංමහත්තයෝ,Bad
අනේහුකපං මහත්තයෝ,Bad
අනේහුකපංමහත්තයෝ,Bad
අනේ දෙන්නකෝ මහත්තයෝ,Good
මහත්තයෝ ඕක අරන් රුපියල් සීයක් දෙන්න,Good 
අනේ මං දැන් මොකද කරන්නේ අප්පා,Good
මහත්තයෝ මට නිවාඩුවක් ඕනේ,Good
අනේ නෝනා හුකන්න හදන්න එපා,Bad
අනේ නෝනා හුකන්නහදන්න එපා,Bad
අනේ නෝනාහුකන්න හදන්න එපා,Bad
අනේ නෝනාහුකන්නහදන්න එපා,Bad
අනේ නෝනා රඟන්න හදන්න එපා,Good
අපිත් දන්නවා ඔයිට වඩා හොදට රඟන්න,Good 
නෝනා ගෙදර වෙන කවුද ඉන්නේ,Good
අනේ මේක පුළුවන් නම් හදන්න,Good
මේ ඉන්නේ අපේ හුකන්නා,Bad
මේ ඉන්නේ අපේහුකන්නා,Bad
මේ ඉන්නේ අපේ පූසා,Good
පූසා දැන් මීයෝ අල්ලන්නේ නෑ,Good
ඌ දන්න හුත්ත තමා,Bad
ඌ දන්නහුත්ත තමා,Bad
ඌ දන්න හුත්තතමා,Bad
ඌ දන්නහුත්තතමා,Bad
ඌ දන්න ලබ්බ තමා,Good
මේ ලබ්බ මට දෙන්න,Good 
තමා උපමා කොට අන් අය ගැන සිතන්න,Good
ඌ ගැන වැඩිය හිතන්න එපා,Good
මේ හුත්තා තමයි මට පේන්න බැරි එකා,Bad
මේ හුත්තාතමයි මට පේන්න බැරි එකා,Bad
මේහුත්තා තමයි මට පේන්න බැරි එකා,Bad
මේහුත්තාතමයි මට පේන්න බැරි එකා,Bad
මේ යකා තමයි මට පේන්න බැරි එකා,Good
අද නම් යකා නටයි වගේ,Good 
අපි තමයි මෙතන ඉන්න ආදීවාසීන්,Good
මම කිව්වා නේද පේන්න අදින්න එපා කියල,Good
අනේ පල හුත්තිගෙ පුතා,Bad
අනේ පලහුත්තිගෙ පුතා,Bad
අනේ පල හුත්තිගෙපුතා,Bad 
අනේ පලහුත්තිගෙපුතා,Bad   
අනේ පල මෝඩ පුතා,Good
නිෂාන්ත මෝඩ කතාමයි කියන්නේ,Good
පල නොකියා පලා බෙදනවා කියන්නේ ඕකට තමා,Good
අනේ නාඩා හිඳින් මගේ පුතේ,Good
මගෙන් අහගන්න හදන්න එපා හුත්තිගේ පුතා,Bad 
මගෙන් අහගන්න හදන්න එපාහුත්තිගේ පුතා,Bad
මගෙන් අහගන්න හදන්න එපා හුත්තිගේපුතා,Bad
මගෙන් අහගන්න හදන්න එපාහුත්තිගේපුතා,Bad   
මගෙන් අහගන්න හදන්න එපා බූරු පුතා,Good
බූරු වැඩ කරන එකේ සීමාවක් තියා ගන්න ඕනේ,Good
මගෙන් වෙන්න ඕන දෙයක් තියෙනවා නම් කියන්න,Good
ඒක මේ නැන්දගෙන් අහගන්න,Good
චලිත කියන හුත්තිගෙ කොල්ලා හිතන් ඉන්නේ ඌ තමා පොර කියලා,Bad
චලිත කියනහුත්තිගෙ කොල්ලා හිතන් ඉන්නේ ඌ තමා පොර කියලා,Bad
චලිත කියන හුත්තිගෙකොල්ලා හිතන් ඉන්නේ ඌ තමා පොර කියලා,Bad
චලිත කියනහුත්තිගෙකොල්ලා හිතන් ඉන්නේ ඌ තමා පොර කියලා,Bad
චලිත කියන මේ කොල්ලා හිතන් ඉන්නේ ඌ තමා පොර කියලා,Good
මේ දවස් වල රෑට වහිනවා,Good 
කොල්ලා මොකෝ වෙන්නේ මේ පැත්තේ,Good
අලුත් අවුරුදු චරිත්‍රයක් ලෙස පොර පොල් ගැසීම සිදු කරයි,Good
ඔය හුත්තික් කොල්ලා තමා මට යන්න දුන්නැත්තේ,Bad
ඔය හුත්තික්කොල්ලා තමා මට යන්න දුන්නැත්තේ,Bad
ඔයහුත්තික් කොල්ලා තමා මට යන්න දුන්නැත්තේ,Bad
ඔයහුත්තික්කොල්ලා තමා මට යන්න දුන්නැත්තේ,Bad
ඔය නෑදෑ කොල්ලා තමා මට යන්න දුන්නැත්තේ,Good
නෑදෑ කියන එකෙක්වත් මම ගණන් ගන්නෑ,Good 
ඔය කොල්ලා මෙතන මොකද කරන්නේ,Good
ඇයි ඔයා මට එදා මෙතනින් යන්න දුන්නැත්තේ,Good
උත්ති තෝ පල ගෙදර,Bad
උත්තිතෝ පල ගෙදර,Bad
නංගි තෝ පල ගෙදර,Good
නංගි මල්වලට වතුර දැමුවාය,Good 
උත්තියේ මම නෙමේ එන්න කිව්වේ,Bad
උත්තියේමම නෙමේ එන්න කිව්වේ,Bad
අයියේ මම නෙමේ එන්න කිව්වේ,Good
අයියේ මේක පොඩ්ඩක් අල්ල ගන්න,Good 
උත්තික් කොල්ලා තමුසෙගේ වැඩක් බලා ගන්නවා,Bad
උත්තික්කොල්ලා තමුසෙගේ වැඩක් බලා ගන්නවා,Bad
පොඩි කොල්ලා තමුසෙගේ වැඩක් බලා ගන්නවා,Good
පොඩි කතාවක් දාලා එන්නම්,Good 
අලියා හේනට ඇවිත් හුකනවා,Bad
අලියා හේනට ඇවිත්හුකනවා,Bad
අලියා හේනට ඇවිත් යනවා,Good
අපි හෙට කොළඹ යනවා,Good
පොඩි එකා නංගිට හුකනව,Bad
පොඩි එකා නංගිටහුකනව,Bad
පොඩි එකා නංගි ගහනව,Good
සෙරෙප්පුවලට අඩි ගහනව,Good
ගොටුකොළ හුකන්නා අදත් ඇවිත්,Bad 
ගොටුකොළහුකන්නා අදත් ඇවිත්,Bad 
ගොටුකොළ හුකන්නාඅදත් ඇවිත්,Bad
ගොටුකොළහුකන්නාඅදත් ඇවිත්,Bad  
ගොටුකොළ මාමා අදත් ඇවිත්,Good
මාමා බොමුද සීතල වතුරු වීදුරුවක්,Good
සුදු ඇදගෙන කළු ඇවිත්,Good
අදත් මොකද මෙතන කරන්නේ,Good
අපෝ වම්බටු පයියා එනවා මේ පැත්තට,Bad
අපෝ වම්බටුපයියා එනවා මේ පැත්තට,Bad
අපෝ වම්බටු පයියාඑනවා මේ පැත්තට,Bad
අපෝ වම්බටුපයියාඑනවා මේ පැත්තට,Bad
අපෝ වම්බටු රනිල් එනවා මේ පැත්තට,Good
රනිල් දෙයියෝ රට කරනවා ඕන් බලන්න,Good 
මම කාගෙවත් පැත්තට අදින්නෑ,Good
මොකුත් ඕන්නෑ මෙහෙ එනවා ඉක්මනට,Good
පර වේසි තමා ඔක්කෝම මෙතන කරන්නේ,Bad
පරවේසි තමා ඔක්කෝම මෙතන කරන්නේ,Bad
පර වේසිතමා ඔක්කෝම මෙතන කරන්නේ,Bad
පරවේසිතමා ඔක්කෝම මෙතන කරන්නේ,Bad
පර සුද්දා තමා ඔක්කෝම මෙතන කරන්නේ,Good
මේ ටැංකි සුද්දා කොහෙන්ද ගත්තේ,Good  
පර ගැති කමට මොනා කරන්නද,Good
මෙතන මොකක්ද වෙන්නේ කියල මට පැහැදිලි කරල දෙන්න,Good
වේස බැල්ලි ඕක ගනින් ඉක්මනට,Bad
වේසබැල්ලි ඕක ගනින් ඉක්මනට,Bad
මෝඩ බැල්ලි ඕක ගනින් ඉක්මනට,Good
පුතේ ඕකනම් මහ මෝඩ වැඩක්,Good 
වේස බල්ලා ඔක්කෝම කාලනේ,Bad
වේසබල්ලා ඔක්කෝම කාලනේ,Bad
ගස් බල්ලා ඔක්කෝම කාලනේ,Good
ගස් සුළඟට වැනෙයි,Good 
වේසාවා නිසානේ මේ ඔක්කෝම,Bad
වේසාවානිසානේ මේ ඔක්කෝම,Bad
මහින්ද නිසානේ මේ ඔක්කෝම,Good
මහින්ද රාජපක්ෂ අපේ මහ රජා,Good 
වේසිගෙ පුතා තාමත් මැරෙන්නේ නෑ,Bad
වේසිගෙපුතා තාමත් මැරෙන්නේ නෑ,Bad
තානෝස්ගේ පුතා තාමත් මැරෙන්නේ නෑ,Good
තානෝස් ඉන්නේ මොන ෆිල්ම් එකේද,Good 
වේසිගේ පුතා ඉතුරු දුන්නේ නෑ,Bad
වේසිගේපුතා ඉතුරු දුන්නේ නෑ,Bad
කඩේ පුතා ඉතුරු දුන්නේ නෑ,Good
දැන් කඩේ වහන්නයි යන්නේ,Good 
ඕකි තමා ඒරියා එකේ පට්ට වේසි,Bad
ඕකි තමා ඒරියා එකේ පට්ටවේසි,Bad
ඕකි තමා ඒරියා එකේ පට්ට කෙල්ල,Good
ඒ කෙල්ල නම් මරු බං,Good 
මේ කැරි වේසි තමා මට මෙතනට එන්න කිව්වේ,Bad
මේකැරි වේසි තමා මට මෙතනට එන්න කිව්වේ,Bad
මේ කැරි වේසිතමා මට මෙතනට එන්න කිව්වේ,Bad
මේකැරිවේසි තමා මට මෙතනට එන්න කිව්වේ,Bad
මේ කැරි වේසිතමාමට මෙතනට එන්න කිව්වේ,Bad
මේකැරි වේසිතමා මට මෙතනට එන්න කිව්වේ,Bad
මේකැරිවේසිතමා මට මෙතනට එන්න කිව්වේ,Bad
මේ මනුස්සයා තමා මට මෙතනට එන්න කිව්වේ,Good
ඒ මනුස්සයා ගමට ලොකු සේවයක් කරමින් හිටියේ,Good
ඇයි මට ගෙම්බා කිව්වේ මං කැතද,Good
එන්න කන්න බොන්න මොකටද හෙටක්,Good
මේ තමා අපේ ලොකු සීයා,Good
මම ආවේ නෑ උන් මාව මෙතනට එක්කන් ආවා,Good
මේකට මට කරන්න දෙයක් නෑ,Good
මේ මුහුදු හුකන්නා ළමයි හදන්නේ නැද්ද,Bad 
මේ මුහුදු හුකන්නාළමයි හදන්නේ නැද්ද,Bad
මේ මුහුදුහුකන්නා ළමයි හදන්නේ නැද්ද,Bad 
මේ මුහුදුහුකන්නාළමයි හදන්නේ නැද්ද,Bad  
මේ මුහුදු ජීවීන් ළමයි හදන්නේ නැද්ද,Good
පිටසක්වල ජීවීන් ඉන්නවා ද නැද්ද යන්න තාම හරියට සොයා ගෙන නැත,Good
ළමයි උදෑසන පාසල බලා පිටත් වෙති,Good
මුහුදු පතුල ගොඩාක් අඳුරු ස්ථානයකි,Good
ටෞකණ්ඩ එහෙමත් එකක් තියෙනවද දැන්,Bad
ටෞකණ්ඩඑහෙමත් එකක් තියෙනවද දැන්,Bad
ඇත්තට එහෙමත් එකක් තියෙනවද දැන්,Good
ඇත්තට ඒක නම් මාර වැඩක් නේ,Good 
ටෞකන්න ඇයි ඒක කල් දැම්මේ,Bad
ටෞකන්නඇයි ඒක කල් දැම්මේ,Bad
අනේ ඇයි ඒක කල් දැම්මේ,Good
අනේ දැන් මම මොකද මෙතන කරන්න ඕනේ,Good 
මෙතන නම් ටහුකන්න හිතන්න එපා,Bad
මෙතන නම්ටහුකන්න හිතන්න එපා,Bad
මෙතන නම් ටහුකන්නහිතන්න එපා,Bad
මෙතන නම්ටහුකන්නහිතන්න එපා,Bad
මෙතන නම් බොන්න හිතන්න එපා,Good
කන්න බොන්න තියෙනවා නම් තව මොන මඟුලද ඕනේ කියන්නේ,Good
ඡන්දෙ දෙන්න කලින් පොඩ්ඩක් හිතන්න,Good
අද දරුවට නම් තබන දවස,Good 
ටහිකේ මාත් ඕක විශ්වාස කරල සල්ලි දැම්මා,Bad
ටහිකේමාත් ඕක විශ්වාස කරල සල්ලි දැම්මා,Bad
අඩෝ මාත් ඕක විශ්වාස කරල සල්ලි දැම්මා,Good
අඩෝ හිනා යන්නේ නැති විහිළු කරන්න එපා,Good  
ටඉකේ උඹ ආවද,Bad
ටඉකේඋඹ ආවද,Bad
අපොයි උඹ ආවද,Good
අපොයි මොකක්ද මේ මට සිද්ධ වූයේ,Good 
කැරි තම්බියො තමා බෝම්බ තිබ්බේ,Bad
කැරිතම්බියො තමා බෝම්බ තිබ්බේ,Bad
අන්තවාදී තම්බියො තමා බෝම්බ තිබ්බේ,Good
ආගමික අන්තවාදී පිරිස් රට බෙදීමට කුමන්ත්‍රණ කරයි,Good 
ගොටුකොළ පොන්නයා උඹ තමයි දවසකටවත් මිනිහා,Bad
ගොටුකොළ පොන්නයාඋඹ තමයි දවසකටවත් මිනිහා,Bad
ගොටුකොළපොන්නයා උඹ තමයි දවසකටවත් මිනිහා,Bad
ගොටුකොළපොන්නයාඋඹ තමයි දවසකටවත් මිනිහා,Bad
ගොටුකොළ මුදලාලි උඹ තමයි දවසකටවත් මිනිහා,Good
මුදලාලි බිස්කට් පැකට් එකක් දෙන්නකෝ,Good 
එක දවසකටවත් මේ පැත්තේ ඇවිල්ලා යන්න එන්න,Good
ගොටුකොළ කන්න මං ආස නෑ,Good
ගිහින් වැඩක් බලා ගනින් පොන්න කැරියා,Bad
ගිහින් වැඩක් බලා ගනින් පොන්නකැරියා,Bad
ගිහින් වැඩක් බලා ගනින්පොන්න කැරියා,Bad
ගිහින් වැඩක් බලා ගනින් පොන්නකැරියා,Bad
ගිහින් වැඩක් බලා ගනින්පොන්නකැරියා,Bad
ගිහින් වැඩක් බලා ගනින් පම්පෝරි ජනක,Good
මේ ඉන්නේ අපේ ගමේ පම්පෝරි ජනක,Good 
අද ගිහින් වැඩක් නෑ,Good
මම යනකොට බස් එක ගිහින්,Good
මේක පොඩ්ඩක් අල්ල ගනින්,Good
අයියෝ හැමිනෙනව,Bad 
අයියෝහැමිනෙනව,Bad 
අයියෝ හැප්පෙනව,Good
තව පොඩ්ඩෙන් හැප්පෙනව,Good
බල්ලයි බැල්ලියි හැමිනෙනවා,Bad
බල්ලයි බැල්ලියිහැමිනෙනවා,Bad
බල්ලයි බැල්ලියි දුවනවා,Good
කියන දේ අහල ඉක්මනට මෙතනින් දුවනවා,Good 
මේ වේසෞත්තා කොහෙන්ද මෙහේ ආවේ,Bad
මේවේසෞත්තා කොහෙන්ද මෙහේ ආවේ,Bad
මේ වේසෞත්තාකොහෙන්ද මෙහේ ආවේ,Bad
මේවේසෞත්තාකොහෙන්ද මෙහේ ආවේ,Bad
මේ සතා කොහෙන්ද මෙහේ ආවේ,Good
කියපන් බලන්න මාත් එක්ක සතා වෙන්න,Good 
ලර්නස් එකට කොහෙන්ද යන්න තියෙන්නේ,Good
අම්මා මෙහේ ආවේ නෑ,Good
අර තමා ඉන්නේ අපේ පොන්න වේස මනමාලි,Bad
අර තමා ඉන්නේ අපේපොන්න වේස මනමාලි,Bad
අර තමා ඉන්නේ අපේ පොන්න වේසමනමාලි,Bad
අර තමා ඉන්නේ අපේපොන්න වේසමනමාලි,Bad
අර තමා ඉන්නේ අපේපොන්න වේසමනමාලි,Bad
අර තමා ඉන්නේ අපේපොන්නවේසමනමාලි,Bad
අර තමා ඉන්නේ අපේ පුතා බඳින මනමාලි,Good
පුතා බඳින ලණු කැරලි ටික කෝ,Good
අර ඉඩම තමා අපි ගන්න යන්නේ,Good
මනමාලයා මනමාලි දැක පුදුම විය,Good
අපේ තාත්තා තාමත් ආවේ නෑනේ,Good
මෙතන ඉන්නේ සාමාන්‍ය පවුල්වල අය නෙමේ,Good
පොන්න පකයා උඹ හිතුවද මම මෝඩයට අන්දන්න,Bad
පොන්නපකයා උඹ හිතුවද මම මෝඩයට අන්දන්න,Bad
පොන්න පකයාඋඹ හිතුවද මම මෝඩයට අන්දන්න,Bad
පොන්නපකයාඋඹ හිතුවද මම මෝඩයට අන්දන්න,Bad
විල්බාවේ සේතන් උඹ හිතුවද මම මෝඩයට අන්දන්න,Good
විල්බාවේ සේතන් අයියගේ අවසන් කටයුතු හෙට හවස කරන්වා,Good 
හෙට වෙඩින් එකට අන්දන්න කෙනෙක් හොයාගන්නත් ඕනේ,Good
ඔයා හිතුවද වාහන එළවන එක ලේසි වැඩක් කියල,Good
නිල්මානෙල් හුත්ති ගෙනල්ලා දීපන් සල්ලි,Bad
නිල්මානෙල් හුත්තිගෙනල්ලා දීපන් සල්ලි,Bad
නිල්මානෙල්හුත්ති ගෙනල්ලා දීපන් සල්ලි,Bad
නිල්මානෙල්හුත්තිගෙනල්ලා දීපන් සල්ලි,Bad
නිල්මානෙල් මල්වලට ගෙනල්ලා දීපන් සල්ලි,Good
මේ මල්වලට පැන් ටිකක් ඉහින්න,Good
ඕක දීපන් ළමයෙකුට,Good
සල්ලි සල්ලි කියල බැලුවේ නෑ ගත්තා අලුත් එකක්,Good
ඇහැළමල් වේසි කඩාගෙනද තියෙන්නෙ,Bad
ඇහැළමල් වේසිකඩාගෙනද තියෙන්නෙ,Bad
ඇහැළමල්වේසි කඩාගෙනද තියෙන්නෙ,Bad
ඇහැළමල්වේසිකඩාගෙනද තියෙන්නෙ,Bad
ඇහැළමල් වට්ටියට කඩාගෙනද තියෙන්නෙ,Good
දැහැත් වට්ටියට බුලත් ගේන්න,Good 
ඔය කකුල කඩාගෙනද ඉන්නේ,Good
ඇහැළමල් මොන පාටද,Good
පොන්න පකා අද උබේ සෙල්ලම් ඉවරයි,Bad
පොන්න පකාඅද උබේ සෙල්ලම් ඉවරයි,Bad
පොන්නපකා අද උබේ සෙල්ලම් ඉවරයි,Bad
පොන්නපකා අද උබේ සෙල්ලම් ඉවරයි,Bad
පොන්නපකාඅද උබේ සෙල්ලම් ඉවරයි,Bad
මෛතීපාල සිරිසේන අද උබේ සෙල්ලම් ඉවරයි,Good
මෛතීපාල සිරිසේන ආයේ ජනාධිපතිවරණයට සැරසේ,Good 
පොඩි ළමයි සෙල්ලම් බත් උයති,Good
අදින් අයදුම්පත් භාරගන්නා දිනය ඉවරයි,Good
උබේ ගම කොහෙද,Good 
මගේ ටොපා හපන්න එපා,Bad
මගේ ටොපාහපන්න එපා,Bad
මගේටොපා හපන්න එපා,Bad
මගේටොපාහපන්න එපා,Bad
මගේ පැන්සල හපන්න එපා,Good
ඒ රතු පාට පැන්සල හොඳයි චිත්‍ර අඳින්න,Good
ඕක මගේ ලේන්සුව,Good
ඕකනම් කරන්න හිතන්නවත් එපා,Good
උඹනේ පන්තියේ ඉන්න එකම කිඹි සිඹා,Bad
උඹනේ පන්තියේ ඉන්න එකමකිඹි සිඹා,Bad
උඹනේ පන්තියේ ඉන්න එකම කිඹිසිඹා,Bad
උඹනේ පන්තියේ ඉන්න එකමකිඹිසිඹා,Bad
උඹනේ පන්තියේ ඉන්න එකම හොඳ ළමයා,Good
හොඳ ළමයා දැන් ගිහිල්ලා ඉතුරු වැඩ ටිකත් ඔය වගේම කරන්න,Good
උඹනේ මෙතන ඉන්න එකම මෝඩයා,Good
අද පන්තියේ ළමයිගේ පැමිණීම අඩුය,Good
මේ කිඹිසිඹා උඹට ඕක හම්බෙන්නෑ,Bad
මේ කිඹිසිඹාඋඹට ඕක හම්බෙන්නෑ,Bad
මේකිඹිසිඹා උඹට ඕක හම්බෙන්නෑ,Bad
මේකිඹිසිඹාඋඹට ඕක හම්බෙන්නෑ,Bad
මේ ජයන්ත උඹට ඕක හම්බෙන්නෑ,Good
ජයන්ත එන්නකෝ පොඩ්ඩක් මේ පැත්තට,Good
උඹට මේ කරපු වැඩේට වන්දි ගෙවන්න වෙයි,Good
ඕකි උඹට බඳින්න හම්බෙන්නෑ,Good
ගොං කැරිය කළොත් කරන්නේ ඔය වගේ දස බලු වැඩක්,Bad
ගොංකැරිය කළොත් කරන්නේ ඔය වගේ දස බලු වැඩක්,Bad
ගොං කැරියකළොත් කරන්නේ ඔය වගේ දස බලු වැඩක්,Bad
ගොංකැරියකළොත් කරන්නේ ඔය වගේ දස බලු වැඩක්,Bad
ගොං වස්සා කළොත් කරන්නේ ඔය වගේ දස බලු වැඩක්,Good
මේ වස්සා අපේ එකෙක් නෙමේ නේ,Good 
බලු පැටවා කෑම සොයා පාරේ ගමන් කළේය,Good
ඒක අභ්‍යාවකාශ යානාවක් වගේ,Good
අම්බෝ මේ ඉන්නේ කැරිය වගේ,Bad
අම්බෝ මේ ඉන්නේකැරිය වගේ,Bad
අම්බෝ මේ ඉන්නේ කැරියවගේ,Bad
අම්බෝ මේ ඉන්නේකැරියවගේ,Bad
අම්බෝ මේ ඉන්නේ පොර වගේ,Good
පොර කුකුළන් විකිණීමට ඇත,Good 
මේ පාර නම් මම කොහොමහරි පාස් වෙනවා,Good
දැන් නම් ඉතිං ඔයාලට සරුයි වගේ,Good
මම තමයි මෙතන ඉන්න කැරියා,Bad
මම තමයි මෙතන ඉන්නකැරියා,Bad
මම තමයි මෙතන ඉන්න නිළධාරියා,Good
නිළධාරියා සේවය පැහැර හැර තිබේ,Good 
මට මහත්තයෝ ඔය කැරි සීන් තමා අල්ලන්නේ නැත්තේ,Bad
මට මහත්තයෝ ඔයකැරි සීන් තමා අල්ලන්නේ නැත්තේ,Bad
මට මහත්තයෝ ඔය කැරිසීන් තමා අල්ලන්නේ නැත්තේ,Bad
මට මහත්තයෝ ඔයකැරිසීන් තමා අල්ලන්නේ නැත්තේ,Bad
මට මහත්තයෝ ඔය ලොකු සීන් තමා අල්ලන්නේ නැත්තේ,Good
අර ලොකු ගෙදර මගේ,Good 
ඇයි ඔයා මම විතරක් අල්ලන්නේ,Good
මහත්තයෝ මට පොඩි උදව්වක කරන්න,Good
ඇට්ටිම්බ එක්ක සෙල්ලම් කරන්න ආසද,Bad
ඇට්ටිම්බඑක්ක සෙල්ලම් කරන්න ආසද,Bad
ඇටිගෙඩි එක්ක සෙල්ලම් කරන්න ආසද,Good
මට ඇටිගෙඩි ඕනේ වැඩකට,Good 
අම්බකිස්ස දේවාලෙට යමු,Bad
අම්බකිස්සදේවාලෙට යමු,Bad
විශ්ණු දේවාලෙට යමු,Good
යාපනයේ විශ්ණු දේවාලෙට යන ගමන්,Good 
කැරි ලොඳයා මේ ඉන්නේ,Bad
කැරිලොඳයා මේ ඉන්නේ,Bad
පොල් ලොඳයා මේ ඉන්නේ,Good
කුරුණෑගල පොල් ත්‍රිකෝණයට අයත් ප්‍රදේශයකි,Good
ඔය කෑල්ල නම් කැරි බඩුව බං,Bad
ඔය කෑල්ල නම්කැරි බඩුව බං,Bad
ඔය කෑල්ල නම් කැරිබඩුව බං,Bad
ඔය කෑල්ල නම්කැරිබඩුව බං,Bad
ඔය කෑල්ල නම් සුපිරි බඩුව බං,Good
සුපිරි සිනහවකට සිග්නල් දන්තාලෝප,Good
මේ ප්ලාස්ටික් කෑල්ල මොකේ එකක්ද,Good
ආයේ පාරක් සෙල්ලම් බඩුව කඩාගත්තා නේහ්,Good
මම කැමති රෝස පාටට තියෙන කිම්බ ගන්න,Bad
මම කැමති රෝස පාටට තියෙන කිම්බගන්න,Bad
මම කැමති රෝස පාටට තියෙනකිම්බ ගන්න,Bad
මම කැමති රෝස පාටට තියෙනකිම්බගන්න,Bad
මම කැමති රෝස පාටට තියෙන ඇඳුම් ගන්න,Good
ඉස්සරහ තියෙන් ඇඳුම් කඩෙන් පොඩ්ඩක් බලන්න,Good 
එයා මට කැමති නෑ වගේ,Good
රෝස මලේ නටුවේ කටූ,Good
අම්මට හුකන්න කතා කරන්න එපා,Bad
අම්මට හුකන්නකතා කරන්න එපා,Bad
අම්මටහුකන්න කතා කරන්න එපා,Bad
අම්මටහුකන්නකතා කරන්න එපා,Bad
අම්මට සැරෙන් කතා කරන්න එපා,Good
එක සැරෙන් එම වස්තුව නොපෙනී ගියේය,Good 
අපේ අම්මට නම් ඕවා කියන්න යන්න එපා,Good
මිනිස්සු මොන කතා කිව්වත් ඒවා එච්චර ගණන් ගන්න එපා,Good
තොගේ අම්මට හුකනවා දැන ගනිම්,Bad
තොගේ අම්මටහුකනවා දැන ගනිම්,Bad
තොගේ අම්මට හුකනවාදැන ගනිම්,Bad
තොගේ අම්මටහුකනවාදැන ගනිම්,Bad
තොගේ අම්ම්ට කියනවා දැන ගනිම්,Good
කියන දෙයක් ඉක්මනට කියනවා,Good 
ඉස්සරල ඕක කරන්න කලින් හරියට හිතට ගනිම්,Good
දැන දැන ඒ වැරද ආයේ කරන්න එපා,Good
අප්පට හුකනවා මාර වැඩේ වුණේ,Bad 
අප්පට හුකනවාමාර වැඩේ වුණේ,Bad
අප්පටහුකනවා මාර වැඩේ වුණේ,Bad
අප්පටහුකනවාමාර වැඩේ වුණේ,Bad
අප්පට සිරි මාර වැඩේ වුණේ,Good
ලංකාවේ සිරි අසිරි නැරඹීමට සංචාරකයන් මෙරටට පැමිණේ,Good
ඒ වැඩේ දැන් තමා ඉවර කළේ,Good
අප්පට මේක පොඩ්ඩක් ඇතුළට ගියානේ,Good
අප්පට හුකන්න වගේ කතා කියන්න එපා බොසා,Bad
අප්පට හුකන්නවගේ කතා කියන්න එපා බොසා,Bad
අප්පටහුකන්න වගේ කතා කියන්න එපා බොසා,Bad
අප්පටහුකන්නවගේ කතා කියන්න එපා බොසා,Bad
අප්පට යන්න වගේ කතා කියන්න එපා බොසා,Good
ඔය ළමයි දැන් ගෙදර යන්න,Good 
මිනිස්සුන්ට ඔහොම කතා හදන්න එපා,Good
බොසා අපි එහෙනම් කැපුණා,Good
දන්නැද්ද ඌ ගමේ ඉන්න හම්බ කැරියා,Bad
දන්නැද්ද ඌ ගමේ ඉන්න හම්බකැරියා,Bad
දන්නැද්ද ඌ ගමේ ඉන්න හම්බ ගොනා,Good 
ගොනා ගැල් සීයක් බර අදියි,Good
මුන් මහ කැරි හම්බයො ටිකක්,Bad
මුන් මහකැරි හම්බයො ටිකක්,Bad
මුන් මහ කැරිහම්බයො ටිකක්,Bad
මුන් මහකැරිහම්බයො ටිකක්,Bad
මුන් මහ බූරු හම්බයො ටිකක්,Good
සනත් පුතා දැන්වත් ඔය පුත්තලම් බූරු කතා කියන එක නවත්වන්න,Good
අනේ ටිකක් එහාට වෙන්න,Good
මහ රජ ගැමුණු රට එක්සේසක් කළේය,Good  
ඒ මොන කැරි වැඩක්ද කලේ,Bad
ඒ මොන කැරිවැඩක්ද කලේ,Bad
ඒ මොනකැරි වැඩක්ද කලේ,Bad
ඒ මොනකැරිවැඩක්ද කලේ,Bad
ඒ මොන කැත වැඩක්ද කලේ,Good
ඒ ළමයා ඔය කියන තරම් කැත නෑ,Good 
ඇයි කලේ මුලු හදින්ම ඔබ මට ආදරේ,Good
ශ්‍රී වික්‍රම රාජසිංහ රජු රජ කලේ මොන කාලේද,Good
ඒකි නම් කැරි සැප දෙනවා,Bad
ඒකි නම් කැරිසැප දෙනවා,Bad
ඒකි නම්කැරි සැප දෙනවා,Bad
ඒකි නම්කැරිසැප දෙනවා,Bad
ඒකි නම් පට්ට සැප දෙනවා,Good
ඔතන තියෙන ගහෙන් පට්ට ටිකක් ඉරාගෙන එන්න,Good 
ඒකි එහෙම නෑ බං,Good
සිදුහත් කුමරු රජගෙයි සැප අත් හැරියේය,Good
ලෑලි පුක දැක්කොත් කියන්න,Bad
ලෑලිපුක දැක්කොත් කියන්න,Bad
ලෑලි පුකදැක්කොත් කියන්න,Bad
ලෑලිපුකදැක්කොත් කියන්න,Bad
ලෑලි පුටු දැක්කොත් කියන්න,Good
තාත්තා ගෙදරට පුටු ගෙනාවේය,Good 
ඕකුන් ඉන්නේ ඔය මුහුද ලඟ ලෑලි මඬුවේ,Good
එළියෙන් ගිහින් පුටු දෙකක් තියන්න,Good
ඔය කෝටු පයිය ටිකක් හදාගන්නවකෝ,Bad
ඔය කෝටුපයිය ටිකක් හදාගන්නවකෝ,Bad
ඔය කෝටු පයියටිකක් හදාගන්නවකෝ,Bad
ඔය කෝටුපයියටිකක් හදාගන්නවකෝ,Bad
ඔය කෝටු ඇඟ ටිකක් හදාගන්නවකෝ,Good
මෙතන ඇඟ පේන්න ඇඳුම් අදින්න එපා,Good 
මට සීතල වතුර ටිකක් දෙන්න,Good
කෝටු කෑලි තබාලා පොඩි පරඩැල් කොළ ගෙනැල්ලා,Good
මේ දාර පයිය උඹට ඇතිද,Bad
මේ දාරපයිය උඹට ඇතිද,Bad
මේ දාර පයියඋඹට ඇතිද,Bad
මේ දාරපයියඋඹට ඇතිද,Bad
මේ දාර පිත්ත උඹට ඇතිද,Good
මට පොඩ්ඩක් උඹේ ක්‍රිකට් පිත්ත දියන්කෝ,Good 
මේ ඔයාට බත් ඇතිද,Good
පොඩ්ඩක් දාර තියෙන හරිය අල්ලලා බලන්න,Good
ඒක නිකන් ටොම්බ හිල වගේ,Bad
ඒක නිකන්ටොම්බ හිල වගේ,Bad
ඒක නිකන් ටොම්බහිල වගේ,Bad
ඒක නිකන්ටොම්බහිල වගේ,Bad
ඒක නිකන් ඉඳිකටු හිල වගේ,Good
මහන මැෂිමේ ඉඳිකටු ටික කැඩුණා,Good 
මල්ලි නිකන් ඉදල සල්ලි හොයන්න විදියක් තියෙයි,Good
මේකේ හිල පොඩි නිසා ටිකක් අමාරුයි,Good 
කැරි මයිල් හින්දා මොකුත් කරන්න බෑ,Bad
කැරිමයිල් හින්දා මොකුත් කරන්න බෑ,Bad
බඩේ මයිල් හින්දා මොකුත් කරන්න බෑ,Good
මට බඩේ අමාරුව හැදුනා,Good
හලෝ පයි චූටි මල්ලිට එහෙම කොහොමද,Bad
හලෝ පයිචූටි මල්ලිට එහෙම කොහොමද,Bad
හලෝපයි චූටි මල්ලිට එහෙම කොහොමද,Bad
හලෝපයිචූටි මල්ලිට එහෙම කොහොමද,Bad
හලෝ සුදු චූටි මල්ලිට එහෙම කොහොමද,Good
මගේ සුදු ඇඳුම් ටික ළමයෙකුට දුන්නා,Good   
මල්ලිට තාම උණද,Good
චූටි දූ තරහා වෙලා,Good
උබේ ටොපා මොන පාටද,Bad
උබේටොපා මොන පාටද,Bad
උබේ ටොපාමොන පාටද,Bad
උබේටොපාමොන පාටද,Bad
උබේ මාලේ මොන පාටද,Good
ඔය මාලේ කඩෙන්ද ගත්තේ,Good
උබ හෙට මොන පාටද අඳින්නේ,Good
මේ මොන විකාරයක්ද මේ,Good
අයියෝ ෆක් නේ,Bad
අයියෝ ෆක්නේ,Bad
අයියෝෆක් නේ,Bad
අයියෝෆක්නේ,Bad
අයියෝ ලැජ්ජයි නේ,Good
මට නම් ඕවා කියන්න බෑ මොකද මට ලැජ්ජයි,Good
අයියෝ දැන් කොහොමද ගෙදර යන්නේ,Good
කරපු වැඩේ කැතයි නේ,Good
අනේ හුක් පල යන්න මෙතනින්,Bad
අනේ හුක්පල යන්න මෙතනින්,Bad
අනේහුක් පල යන්න මෙතනින්,Bad
අනේහුක්පල යන්න මෙතනින්,Bad
අනේ ගොබ්බයා පල යන්න මෙතනින්,Good
ගොබ්බයා මම නෙමේ උඹනේ යකෝ,Good 
මෙතනින් එහාල මොකක් වෙයිද දන්නෑ,Good
අනේ එහෙම කරන්න එපා අපිට,Good
තොංගලේ ගෑනු නේ,Bad
තොංගලේගෑනු නේ,Bad
මීගමුවේ ගෑනු නේ,Good
අපි නිවාඩුවට මීගමුවේ ගියෙමු,Good   
හුකා මට ඒක ගේන්න අමතක වුණා,Bad
හුකාමට ඒක ගේන්න අමතක වුණා,Bad
හුටා මට ඒක ගේන්න අමතක වුණා,Good
හුටා මාර කේස් එක වෙන්න යන්නේ,Good 
කිඹි ජූස් කියන්නේ මොනවටද,Bad
කිඹිජූස් කියන්නේ මොනවටද,Bad
ලෙමන් ජූස් කියන්නේ මොනවටද,Good
ලෙමන් ගෙඩි ටිකක් නැද්ද ගන්න,Good 
උඹ මෙතන හුකනවනෙ ඉතින්,Bad 
උඹ මෙතනහුකනවනෙ ඉතින්,Bad
උඹ මෙතන හුකනවනෙඉතින්,Bad  
උඹ මෙතනහුකනවනෙඉතින්,Bad 
උඹ මෙතන නානවනේ ඉතින්,Good
ඒත් මම තාම නානවනේ,Good
ඉතින් උඹ දැන් මොනවද කරන්නේ,Good
උඹ මං ගැන මොකක් හිතුවත් කමක් නෑ,Good
තෝ වැඩක් කරන්නේ නැතුව මෙතන හුකනවනේ ඉතින්,Bad
තෝ වැඩක් කරන්නේ නැතුව මෙතනහුකනවනේ ඉතින්,Bad
තෝ වැඩක් කරන්නේ නැතුව මෙතන හුකනවනේඉතින්,Bad
තෝ වැඩක් කරන්නේ නැතුව මෙතනහුකනවනේඉතින්,Bad
තෝ වැඩක් කරන්නේ නැතුව මෙතන කියවනවනේ ඉතින්,Good
උන් කියවන්න ගත්තාම කියවනවනේ කියවිල්ලක්,Good 
තෝ වැඩේ ඉවර කර ගත්තා නම් ඉක්මන මෙතනින් යන්න,Good
සල්ලි නැතුව කවුරුවත් කිසි දෙයක් කරන්නෑ,Good
බේසිකෙ පුතේ මේක මට කරල දියන්,Bad
බේසිකෙපුතේ මේක මට කරල දියන්,Bad
අමරගේ පුතේ මේක මට කරල දියන්,Good
මේ අමරගේ පවුලද,Good 
ඔය බේසිගෙ ළමයි මෙතන ඉන්නවා,Bad
ඔයබේසිගෙ ළමයි මෙතන ඉන්නවා,Bad
ඔය බේසිගෙළමයි මෙතන ඉන්නවා,Bad
ඔයබේසිගෙළමයි මෙතන ඉන්නවා,Bad
ඔය අම්මගේ ළමයි මෙතන ඉන්නවා,Good
අම්මගේ ෆෝන් එක රින්ග් වෙනවා,Good 
ළමයි ඉකමන ලැහැස්ති වෙන්න,Good
ඉන්නවා නම් මෙතන ඉන්න එපෑයෑ,Good
බේසික්ගෙ කතා මෙතනට අදාල නෑ,Bad
බේසික්ගෙකතා මෙතනට අදාල නෑ,Bad
ප්‍රබන්ධ කතා මෙතනට අදාල නෑ,Good
ඇය විද්‍යා ප්‍රබන්ධ කතා කියවීමට ඇල්මක් දක්වයි,Good
නාමල් පම්කයා මිනිස්සු රවට්ටන්නයි හදන්නේ,Bad
නාමල්පම්කයා මිනිස්සු රවට්ටන්නයි හදන්නේ,Bad
නාමල් පම්කයාමිනිස්සු රවට්ටන්නයි හදන්නේ,Bad
නාමල්පම්කයාමිනිස්සු රවට්ටන්නයි හදන්නේ,Bad
නාමල් කපටියා මිනිස්සු රවට්ටන්නයි හදන්නේ,Good
නරියා කැළේ ඉන්න ලොකුම කපටියා,Good 
නාමල් මිටක් දෝතින් අරන්,Good
ඕකා උඹව රවට්ටන්නයි හදන්නේ,Good
මේ හුම්තා මෙච්චර වෙලා මොනා කරනවද මන්දා,Bad
මේහුම්තා මෙච්චර වෙලා මොනා කරනවද මන්දා,Bad
මේ හුම්තාමෙච්චර වෙලා මොනා කරනවද මන්දා,Bad
මේහුම්තාමෙච්චර වෙලා මොනා කරනවද මන්දා,Bad
මේ මිනිහ මෙච්චර වෙලා මොනා කරනවද මන්දා,Good
මිනිහ ලෝක වාර්තාවක් තියන්නයි යන්නේ,Good
මම නම් ගොඩක් වෙලා මෙතන්ට ඇවිල්ලා,Good
අපි කියල මොනා කරන්නද,Good
උඹලා මහ හුම්කන චරිතනේ,Bad
උඹලා මහ හුම්කනචරිතනේ,Bad
උඹලා මහහුම්කන චරිතනේ,Bad
උඹලා මහහුම්කනචරිතනේ,Bad
උඹලා මහ අමුතු චරිතනේ,Good
ශ්‍රී ලංකාව ඉන්දියන් සාගරේ පිහිටි අමුතු ඇටයකි,Good
උඹලා සුපිරි චරිතනේ,Good
උඹලා දැන් මොකක්ද කරන්න හිතන් ඉන්නේ,Good
ටෞක් පාරෙන් අයින්වෙයන්,Bad
ටෞක්පාරෙන් අයින්වෙයන්,Bad
කොල්ලෝ පාරෙන් අයින්වෙයන්,Good
කොල්ලෝ එහෙම තමයි,Good 
මාර්ක් හුප්තා මාව බෑන්ඩ් කළා,Bad
මාර්ක්හුප්තා මාව බෑන්ඩ් කළා,Bad
මාර්ක් හුප්තාමාව බෑන්ඩ් කළා,Bad
මාර්ක්හුප්තාමාව බෑන්ඩ් කළා,Bad
මාර්ක් අයියා මාව බෑන්ඩ් කළා,Good
අයියා නංගි සමඟ සෙල්ලම් කරයි,Good 
මේ බෑන්ඩ් එක මට දෙන්නකෝ,Good
මාව මොකටද මෙහාට ගෙනාවේ,Good
බැසිල් පම්කයා තමයි රට කෑවේ,Bad
බැසිල්පම්කයා තමයි රට කෑවේ,Bad
බැසිල් පම්කයාතමයි රට කෑවේ,Bad
බැසිල්පම්කයාතමයි රට කෑවේ,Bad
බැසිල් මාමා තමයි රට කෑවේ,Good
හඳ මාමා ඉන්නේ පෝය ළං වෙනකොට පුතේ,Good 
පොල් මාමා පොල් වගයක් තියෙනවා,Good
මේ රට මගේ රට මා ඉපදුන රට,Good
ඩොක්ටර් දන්න පම්ක,Bad 
ඩොක්ටර් දන්නපම්ක,Bad 
ඩොක්ටර් දන්න ඉටිගෙඩිය,Good
ඉටිගෙඩිය කියන්නේ මොකේටද,Good
ඕකට ඔච්චර හැමිනෙන්න හදන්න එපා බං,Bad
ඕකට ඔච්චරහැමිනෙන්න හදන්න එපා බං,Bad
ඕකට ඔච්චර හැමිනෙන්නහදන්න එපා බං,Bad
ඕකට ඔච්චරහැමිනෙන්නහදන්න එපා බං,Bad
ඕකට ඔච්චර දඟලන්න හදන්න එපා බං,Good
මේකට අච්චර දඟලන්න ඕනේ නෑ,Good
මට අද මොනව හරි අලුත් කෑමක් හදන්න හිතෙනවා,Good
ඕක ඇයි අච්චර වටිනවා කියන්නේ,Good
උඹ ඕකත් එක්ක හැමිනියන්,Bad
උඹ ඕකත් එක්කහැමිනියන්,Bad
උඹ ඕකත් එක්ක පලයන්,Good
අනේ බං පලයන් යන්න නිකන් බොරු බේගල් ඇද බාන්නෙ නැතුව,Good
තෝ එකක් එකත් එක්ක හැමිනුනා නේ,Bad
තෝ එකක් එකත් එක්කහැමිනුනා නේ,Bad
තෝ එකක් එකත් එක්ක හැමිනුනානේ,Bad
තෝ එකක් එකත් එක්කහැමිනුනානේ,Bad
තෝ එකක් එකත් එක්ක ගියා නේ,Good
තාත්තා කුඹුරට ගියා,Good
මේක නම් තේ එකක් බොන්න හොඳ වෙලාව,Good
එකත් එකටම ඌ හරි මෙතනදී,Good
පල පගෝර් යන්න,Bad
පල පගෝර්යන්න,Bad
පලපගෝර් යන්න,Bad
පලපගෝර්යන්න,Bad
පල බූරුවා යන්න,Good
බූරුවා කියන තරම් මෝඩ සතෙක් නෙමේ ඈ,Good
අපි මේ යන්න කියල හිතුවේ,Good
අප්පෝ වදයක් වෙන්නැතිව මේක අරන් ඉකමනට මෙතනින් පල,Good
අනේ පගෝ මොකක්ද දැන් උබ කියන්නේ,Bad
අනේපගෝ මොකක්ද දැන් උබ කියන්නේ,Bad
අනේ පගෝමොකක්ද දැන් උබ කියන්නේ,Bad
අනේපගෝමොකක්ද දැන් උබ කියන්නේ,Bad
අනේ සගෝ මොකක්ද දැන් උබ කියන්නේ,Good
සගෝ මේකට හරි උත්තරය කියන්නකො,Good
මොකක්ද බං අරූ ඔය කියන්නේ,Good
අනේ දෙවියනි මට වාතයක් වෙන්නැතිව පාඩුවේ ඉන්න දෙන්න,Good
උබ දන්න පගක් කතා කොරහන්,Bad
උබ දන්නපගක් කතා කොරහන්,Bad
උබ දන්න පගක්කතා කොරහන්,Bad
උබ දන්නපගක්කතා කොරහන්,Bad
උබ දන්න දෙයක් කතා කොරහන්,Good
මම ඔයාට දෙයක් පෙන්නන්නද,Good
මෙතන ලත වෙන්නැතිව මම කියපු දේ කියපු විදියට කොරහන්,Good
දන්න නොදන්න හැමදෙයක්ම හරියටම දැන ගන්න,Good
අද ඌ ඇවිල්ල නම් හිකෙනවා ඈ,Bad
අද ඌ ඇවිල්ල නම් හිකෙනවාඈ,Bad
අද ඌ ඇවිල්ල නම්හිකෙනවා ඈ,Bad
අද ඌ ඇවිල්ල නම්හිකෙනවාඈ,Bad
අද ඌ ඇවිල්ල නම් කෙලවෙනවා ඈ,Good
ඇයි උඹ කෙලවෙනවා කියල දැන දැන් ඕකම කරන්නේ,Good
සද්දේ මොකෝ අවුරුද්ද ඇවිල්ල ද,Good
අද මොකක් හරි වැදගත් දවසක්ද,Good
මෙයා මේ කිම්බක් කතා කරන්වා,Bad
මොන කිම්බක්ද බං ඔය කියන්නේ,Bad
ඔය කිම්බ ගැන නම් මට දැන් අහල ඇති වෙලා තියෙන්නේ,Bad
ඔය කිම්බ පෙන්නන්ද මට එන්න කිව්වේ?,Bad
අනේ පල කිම්බෝ යන්න,Bad
කිම්බි වැඩ නම් කියන්න එපා කරන්නෑ,Bad
ඇයි බං ඔය කිම්බිට ඔච්චර කැමති,Bad
අප්පෝ කිම්බක් දැක්කොත් ඉවරයි ඉදලා,Bad
දැන් ඉතින් ඔය කිම්බ බලාගෙන අතේ ගහපන්,Bad
ආන් අර උඹේ කිම්බි උඹට කතා කරනවා,Bad
ඡන්දේ කාලේට ඔය කියන එක එක බොරු කතාවලට රැවටෙන්න එපා,Good
මොන හූනියම ගැනද ඔය කියන්නේ,Good
අහල පහල එව්න්ට ඉන්න විදියකුත් නෑ ඔය සද්දේ නිසා,Good
දැන් ඔයා අපිට මොකක්ද මේ පෙන්නන්න හදන්නේ,Good
ගෙම්බෝ මාළු කනවද?,Good
වැඩක් එහෙම තියෙනවා නම් කතා කරහල්ලා අනිවා අපි එනවා,Good
ඔයා කැමතිම ගීතය මොකක්ද?,Good
මොනවා හරි අමුතු දෙයක් දැක්කොත් අපිට කියන්න,Good
මගේ අතේ මොකක් හරි අමාරුවක් තියෙනවා,Good
අර අතන ඈත පේන කඳු මුදුනේ තමයි අපේ ගෙදර තියෙන්නේ,Good
දමිතා හුත්තියක් කියල අපි ඔක්කෝම දන්නවනේ,Bad
අනේ හුත්තියේ මම ඒක ගැන නෙමේ කියන්නේ,Bad
ඔය හුත්තට ඉන්න බැයිනම් නැගිටල යන්න පුළුවන්,Bad
ඔය එක හුත්තෙක්ගේ බල තන්හාවට ඡන්දේ නොතිය ඉන්න බෑ,Bad
ඔය හුත්තාලා ඔක්කෝම කෙරුවේ රටට විණ කරපු එක විතරයි,Bad
හුත්තියේ මම උඹට ආදරෙයි හුත්තියේ,Bad
දැන් මම මේ හුත්තිගේ පුතාට කිව්වා මේක හරියට මට කරල දීපං කියල,Bad
මේ හුත්තික් කොල්ලා හිතන් ඉන්නේ ඌ විතරයි කෙරුමා කියල,Bad
මේ හුත්තෝ මම ආයේ උඹට කියන්නෑ හරිය,Bad
අනේ පාඩුවේ වැඩක් බලාගනින් හුත්ත,Bad
සිංහල දෙමළ කියල එකක් නෑ අපි ඔක්කෝම එක අම්මගේ දරුවෝ වගේ,Good
මම නම් ආයේ ඔය මෝඩ වැඩේ නම් කරන්න යන්නෑ සත්තයි,Good
උට කරන්න බැයිනම් පුළුවන් එකෙකුට ඕක දීලා යන්න ඕනේ,Good
මට යන්න කියල බල කරපු නිසයි ගියේ නැත්තම් යන්නෑ,Good
අර කියනවා අපිට අරයා කරපු හැටි ගැන මෙයා කියනවා මෙයා කරපු හැටි ගැන කවුරුවත් කියන්නෑ අපි කරපු හැටි ගැන අපි තමයි හොඳටම කරල තියෙන්නේ,Good
ආදරෙයි ආදරෙයි අම්මට වගේ ආදරෙයි ආදරෙයි තාත්තට වගේ,Good
දැන් නම් සීතල වීගෙන එනවා,Good
කොල්ලා මේ වී ටික ගෙට දාපං,Good
ආයේ ආයේ නොම ඉවසන් හිස ඔසවමු හිත ඇති විමසුම්,Good
මේ කන්නත් ගිය කන්න වගේ පාඩුයි පුතේ,Good
අනේ පකෝ මම උඹට කිව්වේ නැද්ද ඉක්මනට වරෙන් කියල,Bad
උබ කව්ද මාව වාඩි කරන්න මාව වාඩි කරන්න බෑ පකයා,Bad
එක එකාගේ පකේ කතාවලට අහුවෙලා අන්තිමේට මාව අල්ල ගන්න එපා,Bad
මේ පකයට කන් ඇහෙන්නෙත් නෑ ඇස් පේන්නෙත් නෑ,Bad
ඔය පකයන්ගේ නම් විතරයි වෙනස් නැත්තම් ඔක්කෝම එකයි,Bad
මේ ඉන්නේ අනිත් පකයා,Bad
මේ පකයට මම කීපාරක් කතා කරාද කන්න වරෙන් කියල,Bad
ඔය මහ පකයා තමා හැමදාම මගේ කොණ්ඩේ අල්ලන්නේ,Bad
මේ පකයටත් මොකක් හරි බෙහෙතක් දෙන්න වෙයි වගේ,Bad
ඒ පකයන්ට ඔක්කෝම වැඩ තියෙන්නේ මෙතන,Bad
පුතේ ඉක්මනට කඩේට ගිහිල්ලා සීනි කිලෝ එකක් ගෙනෙන්,Good
ආන් වාඩියට පොලිසියෙන් පැනලා,Good
අනේ පව් ඒ සතා මැරිල තියෙන්නේ අටවපු මද්දකට අහුවෙලා,Good
මම දන්නෑ මම ගොළු නිසා මට පේන්නෑ මම අන්ධ නිසා මට ඇහෙන්නෑ,Good
එක එකාට ඕන විදියට උඹ වෙනස් වෙන්න ඕනේ නෑ උඹ උඹ වෙයන් කවුරුත් වෙන්න ඕනෙ නෑ,Good
ඉන්නේ කන්නේ බොන්නේ මොකටද හෙටක් අව්ව පින්න බලන් නැතුව ගින්න දෙනවා මලක්,Good
කීපාරක් දවසට දත් මදිනවද,Good
කොණ්ඩේ වැඩියිද කපන්න වෙයි නේ,Good
ඇත්තට ඔය ලෙඩේට තාම හරි බෙහෙතක් විද්‍යාඥයන්ට හොයාගන්න බැරි වෙලා තියෙනවා,Good
මෙතන පොඩ්ඩක් අස්පස් කරල ගත්ත නම් හරි,Good
මට නම් ඔය හුකන කතා කියන්න බෑ,Bad
මෙතන උඹට හුකන්න දෙයක් වුනේ නෑනේ,Bad
එක එකත් එක්ක හුකල දැන් එන්න එපා පත්තිනි අම්මා වෙන්න,Bad
අපි හුකන හැමෝටම තෑගි දෙනවා,Bad
දැන් උඹ හදන්නේ මට කියල හුකෝ ගන්න,Bad
හුකා මට ඒක ගේන්න අමතක වුණානේ,Bad
අම්මට හුකන වැඩ කරල මාරු වෙන්න හදන්න නම් හිතන්නවත් එපා මාත් එක්ක නම්,Bad
උඹ ඔය වගේ ගෑනු කීයක් හුකල අත ඇරිය ද බං,Bad
මෙතනින් අඩියක් ඉස්සරහට එන්න එපා හුකෝල ගෙදර යවන්නේ,Bad
උඹ හිතන්නේ උඹ හිතන තරම් ලේසියෙන් මට හුකන්න පුළුවන් කියලද,Bad
මේ හුකන බල්ලා ඒ කරපු බලු වැඩේ මොකක්ද,Bad
කුකුළා කිකිළිට හුකල තමයි බිත්තර හම්බෙන්නේ,Bad
තෝ මහ හුකන කතාවක් මට කිව්වේ,Bad
ආයේ මම උඹලගේ ඔය හුකන වැඩවලට නම් උදව් කරන්නේ නෑ,Bad
මේවා මහ හුකන වැඩ බං,Bad
අපි ටොක්ක නම් ටොක්ක බොක්ක නම් බොක්ක හරිය,Good
ඇත්ත කතාව නම් ඒක ඔයාට අදාල නෑනේ,Good
පත්තිනි හැල්ල දන්නවද?,Good
නත්තල් සීයා මේ නත්තලට පුංචි හැමෝටම තෑගි ගේනවා,Good
ඒපාර මොකක්ද ඔයා කරන්න හදන්නේ,Good
මට එයාව අමතක කරන්න බෑ ජනා,Good
මේ සාරිය මම අම්මට ගත්තේ උපන් දිනේට,Good
මේක අත ඇරෙන්නේ නැති වෙන්න හයියෙන් තද කරල අල්ල ගන්න,Good
වැටෙන පිළිතුරු බලන්න අඩියක් ඉස්සරහට එන්න,Good
ඔය හිතන තරම් ඕක ලේසි වැඩක් නම් ඉතිං හැමෝම කරයි නේ,Good
කවුරුන් හෝ තැනෙත්තේක් බලු පැටවුන් පාරේ දමා ගොස් ඇත,Good
ආයේ ඉතින් බිත්තරයක් කරන්න වෙන්නේ කෝටිපතියෙක්ට විතරයි,Good
මේ සතියේ උදේ කතාව කවුද මට දැම්මේ මම දන්නෙත් නෑ,Good
මට පොඩි උදව්වක් කරන්න පුළුවන්ද?,Good
මොකක්ද ඔය කරන වැඩකට නැති මෝඩ හරක් වැඩේ,Good
මෙයා මේ පයියක් කතා කොරාලා,Bad
තෝ දන්න පයිය තමා,Bad
මොන පයියක් ගැනද ඔය දොඩවන්නේ,Bad
ඕක ඔය පයියෙන් කොරන්ට බෑ,Bad
මං දන්නෑ බං එක එක පයියවල් තිබ්බා මම ගත්තේ මේක,Bad
අනේ පයියෝ ගිහින් උඹේ වැඩක් බලාගනින්කෝ,Bad
ඔය කිව්ව පලියට ඔය තියෙන ඔක්කොම පයියවල් කටේ ඔබා ගන්න එපා,Bad
මේ පයියා හිතන් ඉන්නේ අපි මෙතන කිනන් ඔහේ ඉන්නේ කියලා,Bad
මම නම් ඔය එක එක පයියෝ ඉන්න තැන් ගැන නම් දන්නේනෑ,Bad
මට නම් ඔය එක එක පයියෝ කියන දේවල් නම් වැඩක් නෑ මම කරන්නේ මට ඕන දේ,Bad
ඒ පයියෙයි මේ පයියෙයි කිසිම වෙනසක් මට නම් පේන්නේ නෑ,Bad
ඔය පයියෙන් අපිට වැඩක් වෙයිද,Bad
පයි කොටා නම් බොරුමයි කියන්නේ,Bad
ඕන පයියක් මම නම් ආයේ ඔය ගැන හොයන්නේ නැහැ,Bad
පයි කපිල උඹ ගිහින් අතන බඩු ටික හරියට පටවනවද කියල බලාගෙන වරෙන්,Bad
මෙයා මේවා ගැන මොකුත් දන්නෑ එයාව නිදහස් කරන්න,Good
තෝ මෙහේ මොනවද කරන්නේ,Good
ඌ සිහි විකාරෙන් මොනවද මන්දා දොඩවනවා,Good
ඔය වගේ දේවල් නිසා බොරුවට හිත නරක් කර ගන්න ඕනේ නෑ,Good
ඒක මම ඔයා කියන තැන තිබ්බා හැබැයි දැන්නම් ඒක එතන නැහැ,Good
කැළණි ගඟේ ඔරු යනවා බලා වරෙන්,Good
ගොළුබෙල්ලාගේ කටේ දත් දාහක් විතර තියෙනවලු,Good
ජීවිතේ අපි හිතන් ඉන්න විදියට හැමදේම වෙන්නේ නෑ හැබැයි අපි උත්සහ කරන්න ඕනේ අපි බලාපොරොත්තු වෙන දේවල් ඉෂ්ඨ කරගන්න,Good
ඔය ළමයි ඉන්න තැන්වල ඔහොම්මම ඉන්න කොහෙවත් යන්න එපා මම කියනකම්,Good
මම කරන කියන හැම දෙයක්ම හැමෝටම කිය කිය කරන්න බෑ,Good
උන්ගෙම බඩු උන්ගෙම නඩු කිසි වෙනසක් දැක්කද මේ වෙනසේ,Good
උඹටනම් අපිට මොනා වුනත් ගාණක් නෑනේ,Good
පච ගුණයා කටක් ඇරියොත් බොරුමනේ කියන්නේ,Good
මොනාද ඔය පණ දාගෙන හොයන්නේ,Good
ඔය ටික ඉක්මනට ලොරියට පටවන්න,Good
උඹලා කැරියෝ නම් අපිත් ඊට වඩා කැරියෝ තමයි හරිය,Bad
මම ඔය වගේ කැරි වැඩ කරන එක නවත්වලා තියෙන්නේ,Bad
ඒක නම් මහ කැරි සීන් එක නේ,Bad
කැරියෝ ඉන්නව නම් වරෙන් බලන්න,Bad
ඔය කැරියන්ට දෙයක් තෙරුම් කරල දෙන්න බෑ,Bad
ඕකා කැරියා වගේ හිටියට හෙන ළාමකයා බං,Bad
අරකි නම් කැරි බඩුව බං,Bad
මේ අඹ ගෙඩිය කැරිම රහයි බං,Bad
මට ඔය කැරි ලයින්නේ ඉවසන්න බැරි,Bad
එහෙම කැරි වැඩ කරන්න එපා උඹලත් මනුස්සයෝ අපිත් මනුස්සයෝ,Bad
ඊට වැඩිය හොඳයි මමම ගිහිල්ලා ඕක ගිහින් කිව්වා නම්,Good
මම හිතන්නේ දැන් ඔය ෆැක්ටරිය වහලා දාලා තියෙන්නේ,Good
ඕවා නම් අපිට මහ ලොකු වැඩ නෙමේ,Good
වරෙන් යන්න බලන්න අද මොකක්ද ටවුමේ තියෙන්නේ කියල,Good
ඇත්තටම ඒ කිව්ව කතාවේ තේරුම මොකක්ද?,Good
ඔය වගේ ළාමක වැඩ කරන්න එපා මින් පස්සේ,Good
අරකි දැන් මාත් එක්ක කතා කරන්නේ නෑ ඇයි දන්නේනෑ,Good
ඉවසලා ඉවසලා බැරිම තැන ආයේත් ඉවසන්න කිව්වට එතකොට ඒ මඟුලේ ඉවරයක් නෑනේ බං,Good
මනුස්සයෝ ඔය යටින් ගහල තියෙන එක කියවලා ඒක කරන්න තියෙන්නේ,Good
මේ අඹ ගහ හැර තවත් අඹ ගස් තිබේද රජතුමණි?,Good
වේසාවියක් හිංඳා රෑ නෑ නිදි,Bad
වේසකමේ ගියපු එව්න් ආයේ ගෙට වද්ද ගන්නවත් එපා,Bad
ඕක ගිහිල්ලා කියපං උඹේ මහ වේසිට,Bad
මහ වේසි තමයි මේ ඔක්කෝටම වග කියන්න ඕනේ,Bad
ඔව් ඉතින් මහ වේසිත් ඔය වගේ නේ,Bad
වේසෝ මේක බලාගෙන හරියට ඕකේ ලියහන්,Bad
මේ වේසියන්ට මගේ දේවල්වලට ඇගිල්ල ගහන්නේ නැතුව නින්ද යන්නේ නෑ,Bad
වේස ගෑණී පල මෙතනි මගේ දෑසට නොපෙනී,Bad
මට නම් දැන් එක එකාට වේස වැඩ කරල ඇති වෙලා ඉන්නේ,Bad
වේසියේ ඇයි උඹ මට මෙහෙම දෙයක් කළේ,Bad
අද දවසේ බොහෝ වෙහෙස වූ බැවින් ඉක්මනට මම නින්දට ගියෙමි,Good
අද තමයි ගෙට ගෙවිදීමට සුභ නැකත වැටිලා තියෙන්නේ,Good
ඕවා මහ මනුස්සයන්ගෙත් වැරදි,Good
අපි හැමෝම වග කියන්න ඕනේ මේ මරණෙට,Good
ඉතින් ඊට පස්සේ හැමෝම සතුටින් විසිර ගියා,Good
මේ පැත්තේ ලියන්න කියන්න දන්න කෙනෙක් හොයා ගන්න විදියක් නැද්ද?,Good
නින්ද නොයන හැන්දෑව සොඳුරුයිද මොන තරම්,Good
දෑස පලා ගෙන කඳුලැලි ආවා,Good
මට ඔය වැඩ ටික බාර දෙන්න මම නියමෙට ඔයාට කරල දෙන්නම් හැබැයි සල්ලි ඕනේ,Good
ඕක මෙහෙම කිව්වා කියල හරියන්නේ නැහැ ලිඛිතව ඕනේ,Good
ඒක මහ ටෞකන නීතියක්නේ,Bad
ටෞකණ්ඩ මාර දේවල් ටිකකට මට මේ දවස් තුනේ මුහුණ දෙන්න වුණේ,Bad
අපිට ඉන්නේ මහ ටෞකන යාළුවෝ සෙට් එකක්නේ,Bad
ටෞකණ්ඩ මම එහෙම කතාවක් කොහෙවත් කාටවත් කියල නැහැ,Bad
ටෞකන වැඩ කරන්නේ අපි නෙමේ උඹල නේ,Bad
නීතියට අපි හැමෝම ගරු කළයුතුයි,Good
ඒ දේවාලේ මාර විදියට හාස්කම් තියෙනවා,Good
කරදරයක් වුණාම නැති යාළුවන්ගෙන් ඇති වැඩේ මොකක්ද?,Good
කාටවත් බෑ පරදන්න නම් වීරියක් හිත යට ඇත්නම්,Good
හෙට වැඩ කරන ජනතාව වැඩ වරයි,Good
ෆක් මම එහෙම දෙයක් හිතලා නෙමේ කිව්වේ,Bad
අයියෝ ෆක් පැරදුනානේ?,Bad
ෆක් කරපු දේවල් ඔක්කෝම වතුරේ ගියා වගේ,Bad
අයියෝ ෆක් නේ මහත්තයෝ,Bad
ෆක් කලින් කියන්න එපැයි,Bad
අනිත් පාර වැඩක් කරන්න ගන්නකොට පොඩ්ඩක් හිතලා මතලා පටන් ගන්න මෝඩ වැඩ නොකර,Good
අයියෝ සාමිනේ මට මෙහෙම දුක් දෙන්න එපා තවත්,Good
ඇසට නොපෙනෙන කුඩා ක්ෂුද්‍ර ජීවීන් වතුරේ ජීවත් වෙයි,Good
මහත්තයෝ මේ පාර අපි ඡන්දේ දෙන්නේ මාලිමාවට,Good
මීට කලින් මම ඔහොම එකක් දැකලවත් නෑ මේ පළවෙනිවතාව මම දැකපු,Good
එයාගේ පුකට තමා මම කැමති වුණේ,Bad
එක එකාට පුක දීලා රස්සා ගන්න අපිට ඕනේ නෑ,Bad
හිටියොත් දෙකට නැවී දෙවියොත් පුකට අරියි,Bad
මගේ පුක කහනවා බං,Bad
අප්පෝ ඕකා මහ පුක්මන්තා ඒක නිසා පුක පරිස්සම් කරගෙන හිටපන්,Bad
අරූ මගේ පුකටමයි ගැහුවේ බං,Bad
ඇත්තට මේක මේ කරපු දස බලු වැඩේට ඕකගේ පුක පලන්න එපැයි,Bad
දැන් කරන්න දෙයක් නෑ අපි ඕකගේ පුක කමු,Bad
අප්පෝ අද දවසම ඉදන් හිටපු හින්දා පුක රිදෙනවා බං,Bad
කොච්චර ලස්සන වුනත් වැඩක් නෑ පුක නැත්තම්,Bad
පුක ගැන කතා ගොඩක් තියෙනවා,Bad
පුක ගෙවනකම් වැඩ කළත් කිසි හොඳක් නැති හැටියක්,Bad
මම දිහා මූණ පුක කරන් බලන්න එපා,Bad
කූඹි පුකක් තරම්වත් මොළේ කලදක් තිබ්බා නම් ඔය වගේ බොරුවකට රැවටිලා සල්ලි දායි ඈ,Bad
උඹ දන්න පුකක් ගැන කතා කරහන් බං,Bad
ඕන පුකක් හැබැයි මාව නම් ඕවට ගාවගෙන තිබ්බොත් බලාගෙනයි,Bad
ඔය අලි පුකෙන් බැහැල ඉන්නවා වගේ හැසිරෙන එව්න් අපිට නම් අදාලම නෑ,Bad
බැරක් ඔබාම්ත් රෙන්නේ පුකෙන් ඒක නිසා කමක් නෑ,Bad
පුක කොච්චර ලස්සන වුනත් වැඩක් නෑනේ කක්කා යනවනේ,Bad
මේ බලන්නකෝ මුගේ පුකේ හිලක්,Bad
මම කැමතිම කියල එකක් නෑ මම ඔක්කෝටම වගේ කැමතියි,Good
මම දැන් රස්සාවක් හොයා ගන්න කියල කී තැනකට ගියාද එක තැනකවත් රස්සවක් හම්බුනේ නෑ,Good
මේවා දෙවියන්ට කිව්වා කියල වැඩක් වෙන්නේ නෑ මොකද මේ දවස්වල දෙවියන්ටත් ප්‍රශ්න ඇති,Good
අල්ල කහනවා නම් සල්ලි එන්නවා නෙමේ තියෙන ටිකත් යන එකයි වෙන්නේ,Good
හනුමන්තා කියන්නේ මොන ගොබ්බයෙක්ද,Good
අඩෝ මම උඹ කවුද කියලා දන්නේ නැතුව විහිළුවට වගේ ගැහුවේ,Good
දර පලන්න කියල පොරව ගද්දී තමයි මට මතක් වුනේ මට පලන්න දර නෑ කියලා,Good
අපි උක් කමු,Good
අම්මේ මට ඔළුව පොඩ්ඩක් රිදෙනවා ඒ නිසා අද පංති යන්න බෑ වගේ,Good
ලස්සන දේවල් බලන්න කවුද අකමැති,Good
කතා ගොඩයි ඒත් වැඩ ටිකයි,Good
හොඳක් බලන් වැඩක් කළොත් වෙන්නේ හැමදාම නරක නාමය,Good
මූණ බලපුවාම එච්චර නරක මනුස්සයෙක් කියල කියන්න බෑ ඒත් මිනිස්සු මූණ බලලා විශ්වාස කරන්න බෑ,Good
උඹ මේ ඒකිට රැවටිලා ඉන්නේ,Good
දන්න යකා හොඳයි නොදන්න දෙවියොන්ට වඩා,Good
පීර අරගෙන හොඳට හිරමනේ ගාන්න,Good
තව ටික දවසකින් ගං වතුර බැහැලා යාවී,Good
කමක් නෑ මොනවා කළත් මොකද හිතේ කිසි දුකක් නෑ මොනවා වුනත්,Good
කොච්චර ආදරෙන් හිටියත් දවසක් එනවා ඒ ආදරේට තිත තියන්න,Good
අම්මේ මගේ කලිසමේ හිලක් ඒක මහල දෙන්නකෝ,Good
උඹ මාත් එක්ක ඒකට හැමිනෙන්න එන්න එපා ඒක ඌත් එක්ක බලා ගන්න,Bad
උඹට කියන්න බැයි නම් හැමනියන්,Bad
අන්තිමේට උඹ එක එකාට හමන්නන්න ගිහිල්ලා උඹ කෙලෝ ගන්නවා,Bad
තෝ මේ පාර තමයි හොඳවැයින් හමන්න ගන්නේ,Bad
තෝ මටත් හමන්නලා තෝත් හැමිනියන්,Bad 
මාත් ඕවා ආසාවෙන් කරන වැඩ නෙමේ කරන්න දෙයක් නැතිකමට කරන වැඩ,Good
බෑ කියල දෙයක් නෑ උවමනාවක් නැතිකම මිසක්,Good
ආන් අරූ අරකිත් එක්ක හොරෙන් පැනලා ගිහිල්ලා,Good
තෝ හිතුවද මේ පාරත් අපි ඇන්ඳෙයි කියලා ඒවා හඳේ තමා මිත්‍රයා,Good
තෝත් එකයි තොගේ මහ එව්නුත් එකයි,Good
කවුරු කලත් ඕවා නම් මහ කැම්රි වැඩ බං,Bad
මෝඩ පුම්ක මොකද වෙන්නේ මේ දවස්වල,Bad
අප්පෝ ඒ හුම්ත වැඩ කරන්නෑ,Bad
අප්පෝ ඔය පම්ක ගැන නම් ආයේ මගෙන් අහන්න එපා,Bad
ඒ උත්තිගේ මාර ලයින් තියෙන්නේ දැන්,Bad
කිඹි සිපයියෝ නිසා කෙල්ලෙක්ට පාරේ බැහැල යන්න බැරි යුගයක් ඇවිල්ලා තියෙන්නේ,Bad
හුම්කන පාලකයෝ නිසා රටට වෙච්ච හරිය දැන් නම් හොඳටම ඇති,Bad
මේ පගයා දැක්ක කාලයක් මතක නෑ,Bad
බේසික් කොල්ලෝ අදවත් මගේ බඩු ටික ගෙනාවද?,Bad
පල හුම්ප්තා යන්න තෝත් එක්ක ආයේ කතාවක් නෑ,Bad
කවුරු කවුරුත් මේක මතක තියාගත්තා නම් හොඳයි මේක අපේ රට,Good
මොකද අද හාවක් හූවක් නැත්තේ,Good
අප්පෝ දැන් බස් එක ගිහිල්ලා පැය ගාණක් වෙනවා,Good
ඕන ප්‍රශ්නයක් අහන්න කිසි අව්ලක් නෑ,Good
දැන් තියෙන්නේ විද්‍යාව ඊට පස්සේ තියෙන්නේ ගණනුයි ඉංග්‍රීසියි,Good
පැරකුම් යුගයක් නැවතත් අරඹවු නිජ භූමිතලේ ලංකා,Good
ඡන්දෙන් පත් කරපු පාලකයෝ හරියට රට පාලනය කරා නම් අද මෙහෙම පෝලිම් වල ඉන්න ඕනේ නෑනේ,Good
කාලයක් මාත් ඕක විශ්වාස කරා ඒත් පස්සේ තේරුම් ගියා ඕකත් මහ බොරුවක් කියලා,Good
කොල්ලෝ කෙල්ලෝ හැමෝටම දෙනවා හොඳ සිංදුවක්,Good
මම යන්න යනවා ආයේ නම් එන්න හිතන්නේවත් නෑ,Good